{"generation/avg_reward":0.459375,"test-airline/num_samples":50,"eval-retail/generate/std_num_tokens":262.3534226954167,"test-retail/generate/std_num_tokens":286.9141141259664,"policy/policy_update_steps":4,"test-airline/generate/max_num_tokens":1626,"timing/eval":2652.8566012382507,"policy/ppo_clip_ratio":0.03353512538596988,"loss/avg_raw_advantages_abs":0.6618143916130066,"reward/global_step":40,"test-airline/generate/avg_tokens_zero_rewards":809.7173913043479,"generation/success_rate":0.459375,"generate/max_num_tokens":2969,"eval-retail/success_rate":0.04,"eval-retail/generate/avg_tokens_zero_rewards":650.5833333333334,"timing/postprocess_generator_output":0.0025091171264648438,"test-retail/generate/avg_tokens_non_zero_rewards":547,"_runtime":53533.116281042,"policy/policy_loss":0.003835753910243511,"test-retail/min_reward":0,"eval-retail/num_samples":25,"timing/step":1139.345118522644,"eval-retail/generate/min_num_tokens":235,"test-retail/generate/min_num_tokens":304,"test-airline/generate/avg_tokens_non_zero_rewards":674,"policy/policy_lr":2.3640000215152668e-07,"eval/all/avg_score":0.471976401179941,"timing/compute_advantages_and_returns":0.03239035606384277,"reward/pass_at_5":0.859375,"policy/policy_kl":0.05580907403491438,"_timestamp":1.7545979145915904e+09,"test-retail/generate/avg_num_tokens":720.8260869565217,"eval-retail/generate/avg_num_tokens":633.96,"reward/parse_failure_rate":0.540625,"generation/max_reward":1,"timing/cleanup_old_checkpoints":5.7929627895355225,"eval/tau_bench/avg_score":0.471976401179941,"test-retail/success_rate":0.017391304347826087,"trainer/epoch":0,"generation/min_reward":0,"eval-retail/average_reward":0.04,"eval/tau_bench/pass_at_1":0.471976401179941,"test-airline/generate/std_num_tokens":340.06599418348196,"test-airline/max_reward":1,"generate/avg_tokens_non_zero_rewards":565.6870748299319,"timing/policy_train":143.90376114845276,"test-retail/average_reward":0.017391304347826087,"timing/save_hf_model":75.04658031463623,"timing/fwd_logprobs_values_reward":86.55454611778259,"generate/std_num_tokens":281.30903484591016,"generate/avg_tokens_zero_rewards":703.8034682080925,"timing/generate":898.9989511966705,"loss/avg_raw_advantages":-0.0575556606054306,"eval-retail/generate/avg_tokens_non_zero_rewards":235,"eval/all/pass_at_1":0.471976401179941,"generate/min_num_tokens":76,"_wandb":{"runtime":53533},"_step":40,"test-airline/generate/avg_num_tokens":798.86,"timing/save_checkpoints":12.02234172821045,"generate/avg_num_tokens":640.35625,"test-retail/max_reward":1,"timing/train_critic_and_policy":144.07684350013733,"test-airline/generate/min_num_tokens":267,"timing/convert_to_training_input":0.7225496768951416,"generation/num_samples":320,"test-airline/average_reward":0.08,"test-airline/min_reward":0,"policy/raw_grad_norm":1.1629434525966644,"test-retail/num_samples":115,"test-retail/generate/avg_tokens_zero_rewards":723.9026548672566,"policy/policy_entropy":1.1322851791977881,"reward/avg_raw_reward":0.459375,"loss/avg_raw_rewards":0.4593749940395355,"test-airline/success_rate":0.08,"eval-retail/generate/max_num_tokens":1622,"test-retail/generate/max_num_tokens":2093,"trainer/global_step":39}