{"_runtime":1799.139053488,"_step":0,"eval/tau_bench/avg_score":0.13333333333333333,"eval/tau_bench/pass_at_1":0.13333333333333333,"eval/all/avg_score":0.13333333333333333,"eval/all/pass_at_1":0.13333333333333333,"_timestamp":1.7530134765755408e+09,"_wandb":{"runtime":1799}}