{"eval/tau_bench/avg_score":0.15555555555555556,"eval/tau_bench/pass_at_1":0.15555555555555556,"eval/all/avg_score":0.15555555555555556,"eval/all/pass_at_1":0.15555555555555556,"_timestamp":1.7530041662487588e+09,"_step":0,"_wandb":{"runtime":2008},"_runtime":2008.921789953}