{"eval/tau_bench/avg_score":0.04,"eval/all/avg_score":0.04,"eval/all/pass_at_1":0.04,"reward/avg_pass_at_3":0.125,"reward/parse_failure_rate":0.9388020833333334,"_timestamp":1.7532622562356458e+09,"_step":11,"eval/tau_bench/pass_at_1":0.04,"reward/avg_raw_reward":0.061197916666666664,"_runtime":8712.812474287,"_wandb":{"runtime":8712}}