{"reward/avg_raw_reward":0.005208333333333333,"_step":26,"eval/tau_bench/avg_score":0,"eval/tau_bench/pass_at_1":0,"eval/all/avg_score":0,"_timestamp":1.7533029377191532e+09,"eval/all/pass_at_1":0,"reward/parse_failure_rate":0.9947916666666666,"reward/avg_pass_at_3":0.015625,"_wandb":{"runtime":6942},"_runtime":6942.898902113}